{
    "latestReleaseSnapshot": {
        "buildTime": "20171130161825+0000",
        "version": "4.4-20171130161825+0000"
    },
    "latestRc": {
        "buildTime": "20171204084815+0000",
        "version": "4.4-rc-6"
    },
    "finalReleases": [
        {
            "version": "4.4",
            "buildTime": "20171206090506+0000"
        },
        {
            "buildTime": "20171108085945+0000",
            "version": "4.3.1"
        },
        {
            "buildTime": "20171030154329+0000",
            "version": "4.3"
        },
        {
            "buildTime": "20171002153621+0000",
            "version": "4.2.1"
        },
        {
            "buildTime": "20170920144823+0000",
            "version": "4.2"
        },
        {
            "buildTime": "20170807143848+0000",
            "version": "4.1"
        },
        {
            "buildTime": "20170726161918+0000",
            "version": "4.0.2"
        },
        {
            "buildTime": "20170707140241+0000",
            "version": "4.0.1"
        },
        {
            "buildTime": "20170614151108+0000",
            "version": "4.0"
        },
        {
            "buildTime": "20170616143627+0000",
            "version": "3.5.1"
        },
        {
            "buildTime": "20170410133725+0000",
            "version": "3.5"
        },
        {
            "buildTime": "20170303194541+0000",
            "version": "3.4.1"
        },
        {
            "buildTime": "20170220144926+0000",
            "version": "3.4"
        },
        {
            "buildTime": "20170103153104+0000",
            "version": "3.3"
        },
        {
            "buildTime": "20161122151954+0000",
            "version": "3.2.1"
        },
        {
            "buildTime": "20161114123259+0000",
            "version": "3.2"
        },
        {
            "buildTime": "20160919105353+0000",
            "version": "3.1"
        },
        {
            "buildTime": "20160815131501+0000",
            "version": "3.0"
        },
        {
            "buildTime": "20160718063837+0000",
            "version": "2.14.1"
        },
        {
            "buildTime": "20160614071637+0000",
            "version": "2.14"
        },
        {
            "buildTime": "20160425041010+0000",
            "version": "2.13"
        },
        {
            "buildTime": "20160314083203+0000",
            "version": "2.12"
        },
        {
            "buildTime": "20160208075916+0000",
            "version": "2.11"
        },
        {
            "buildTime": "20151221211504+0000",
            "version": "2.10"
        },
        {
            "buildTime": "20151117070217+0000",
            "version": "2.9"
        },
        {
            "buildTime": "20151020034636+0000",
            "version": "2.8"
        },
        {
            "buildTime": "20150914072616+0000",
            "version": "2.7"
        },
        {
            "buildTime": "20150810131506+0000",
            "version": "2.6"
        },
        {
            "buildTime": "20150708073837+0000",
            "version": "2.5"
        },
        {
            "buildTime": "20150505080924+0000",
            "version": "2.4"
        },
        {
            "buildTime": "20150216050933+0000",
            "version": "2.3"
        },
        {
            "buildTime": "20141124094535+0000",
            "version": "2.2.1"
        },
        {
            "buildTime": "20141110133144+0000",
            "version": "2.2"
        },
        {
            "buildTime": "20140908104039+0000",
            "version": "2.1"
        },
        {
            "buildTime": "20140701074534+0000",
            "version": "2.0"
        },
        {
            "buildTime": "20140429092431+0000",
            "version": "1.12"
        },
        {
            "buildTime": "20140211113439+0000",
            "version": "1.11"
        },
        {
            "buildTime": "20131217092815+0000",
            "version": "1.10"
        },
        {
            "buildTime": "20131119082002+0000",
            "version": "1.9"
        },
        {
            "buildTime": "20130924073233+0000",
            "version": "1.8"
        },
        {
            "buildTime": "20130806111956+0000",
            "version": "1.7"
        },
        {
            "buildTime": "20130507091214+0000",
            "version": "1.6"
        },
        {
            "buildTime": "20130327140935+0000",
            "version": "1.5"
        },
        {
            "buildTime": "20130128034246+0000",
            "version": "1.4"
        },
        {
            "buildTime": "20121120113738+0000",
            "version": "1.3"
        },
        {
            "buildTime": "20120912104602+0000",
            "version": "1.2"
        },
        {
            "buildTime": "20120731132432+0000",
            "version": "1.1"
        },
        {
            "buildTime": "20120612025621+0200",
            "version": "1.0"
        },
        {
            "buildTime": "20110123133421+1100",
            "version": "0.9.2"
        },
        {
            "buildTime": "20110102114057+1100",
            "version": "0.9.1"
        },
        {
            "buildTime": "20101219125006+1100",
            "version": "0.9"
        },
        {
            "buildTime": "20090928140159+0200",
            "version": "0.8"
        },
        {
            "buildTime": "20090720085013+0200",
            "version": "0.7"
        }
    ]
}
